"Backend","Viewport","Workload","AppBaseline","AppCandidate","AppTransitionBaseline","AppTransitionCandidate","CpuBaseline","CpuCandidate","RafBaseline","RafCandidate","RafTransitionBaseline","RafTransitionCandidate"
"webgpu","393x851","launch-1","16.799999999999272","16.799999999999272","16.799999999999272","16.799999999999272","6.700000002980232","6.399999991059303","4.299999999999272","4.299999999999272","4.300000000001091","4.299999999999272"
"webgpu","393x851","launch-2","16.799999999999272","16.799999999999272","16.799999999999272","16.799999999999272","5.5","6.5","4.299999999999272","4.299999999999272","4.299999999999272","4.299999999999272"
"webgl","393x851","launch-1","16.799999999999272","16.799999999999272","16.799999999999272","16.799999999999272","7.399999991059303","5.899999991059303","4.300000000001091","4.299999999999272","4.299999999999272","4.299999999999272"
"webgl","393x851","launch-2","16.799999999999272","16.799999999999272","16.799999999999272","16.799999999999272","7.299999997019768","5","4.299999999999272","4.299999999999272","4.299999999999272","4.299999999999272"
"canvas","393x851","launch-1","33.400000000001455","33.400000000001455","33.400000000001455","33.400000000001455","3.6000000089406967","4.700000002980232","12.399999999999636","12.399999999999636","4.300000000001091","4.300000000001091"
"canvas","393x851","launch-2","33.400000000001455","33.400000000001455","33.400000000001455","33.400000000001455","3.4000000059604645","5.200000002980232","8.400000000001455","12.5","4.30000000000291","8.299999999999272"
"webgpu","1280x800","launch-1","16.799999999999272","16.799999999999272","16.799999999999272","16.80000000000109","6.200000002980232","12.600000008940697","4.299999999999272","4.300000000001091","4.299999999999272","12.600000000000364"
"webgpu","1280x800","launch-2","16.799999999999272","16.799999999999272","16.799999999999272","16.799999999999272","5.899999991059303","6.700000002980232","4.299999999999272","4.299999999999272","4.299999999999272","4.299999999999272"
"webgl","1280x800","launch-1","25","16.799999999999272","20.900000000001455","16.799999999999272","10.700000002980232","9.100000008940697","16.600000000000364","4.300000000001091","8.5","4.300000000001091"
"webgl","1280x800","launch-2","20.900000000001455","16.799999999999272","20.900000000001455","16.799999999999272","10.099999994039536","10.400000005960464","12.5","8.299999999999272","12.399999999997817","4.30000000000291"
"canvas","1280x800","launch-1","58.20000000000073","45.79999999999927","45.899999999999636","33.5","7.300000011920929","6.299999997019768","12.5","16.69999999999891","8.399999999999636","8.399999999999636"
"canvas","1280x800","launch-2","50","58.30000000000291","45.69999999999709","45.900000000001455","6.5","7.5","16.700000000000728","24.899999999997817","8.5","8.400000000001455"
